City_ID,City,Country,Date,Lat,Lng,Max Temp,Humidity,Cloudiness,Wind Speed
0,Arlit,NE,2022-02-03 01:00:36,18.7369,7.3853,60.37,16,0,12.33
1,Upernavik,GL,2022-02-03 01:02:47,72.7868,-56.1549,-8.97,67,100,8.77
2,Nenjiang,CN,2022-02-03 01:01:13,49.1833,125.2167,-9.4,93,59,3.2
3,Guerrero Negro,MX,2022-02-03 00:57:51,27.9769,-114.0611,63.34,37,0,15.1
4,Zyryanovsk,KZ,2022-02-03 01:02:48,49.7386,84.2719,-16.6,99,70,1.23
5,Saskylakh,RU,2022-02-03 01:02:48,71.9167,114.0833,-31.61,100,17,2.82
6,Carnarvon,AU,2022-02-03 01:02:49,-24.8667,113.6333,87.93,48,6,5.06
7,Lebu,CL,2022-02-03 01:02:49,-37.6167,-73.65,60.15,88,81,10.4
8,Kodiak,US,2022-02-03 01:02:50,57.79,-152.4072,36.91,93,100,8.05
9,Punta Arenas,CL,2022-02-03 00:58:13,-53.15,-70.9167,48.31,71,75,3.44
10,Butaritari,KI,2022-02-03 01:02:50,3.0707,172.7902,81.79,78,100,16.22
11,Port Moresby,PG,2022-02-03 01:02:51,-9.4431,147.1797,85.17,55,99,6.91
12,Bluff,NZ,2022-02-03 01:02:51,-46.6,168.3333,58.8,65,100,17.09
13,Rikitea,PF,2022-02-03 01:02:51,-23.1203,-134.9692,78.6,73,84,7.74
14,Kapaa,US,2022-02-03 01:02:52,22.0752,-159.319,81.48,66,9,1.99
15,Karchaghbyur,AM,2022-02-03 01:02:53,40.1705,45.5779,23.0,61,94,5.86
16,Vardo,NO,2022-02-03 01:02:53,70.3705,31.1107,29.46,57,100,18.79
17,Ushuaia,AR,2022-02-03 01:02:53,-54.8,-68.3,36.88,85,8,3.31
18,Provideniya,RU,2022-02-03 01:02:54,64.3833,-173.3,8.71,78,75,31.32
19,Hobart,AU,2022-02-03 00:59:56,-42.8794,147.3294,62.46,82,75,1.01
20,Barra Do Garcas,BR,2022-02-03 01:00:40,-15.89,-52.2567,73.53,95,100,3.27
21,Kavaratti,IN,2022-02-03 01:01:01,10.5669,72.642,79.72,71,14,10.45
22,Portland,US,2022-02-03 01:01:02,45.5234,-122.6762,46.45,93,100,1.01
23,Quiniput,PH,2022-02-03 01:02:55,7.1783,122.221,82.85,69,77,2.26
24,Mataura,NZ,2022-02-03 01:02:55,-46.1927,168.8643,58.48,91,100,3.62
25,Lata,PT,2022-02-03 01:02:56,40.1629,-8.3327,46.06,77,83,1.81
26,Bambous Virieux,MU,2022-02-03 01:02:56,-20.3428,57.7575,78.22,89,100,31.14
27,Leningradskiy,RU,2022-02-03 01:02:57,69.3833,178.4167,-13.13,94,25,9.73
28,Hasaki,JP,2022-02-03 01:02:57,35.7333,140.8333,41.29,42,100,8.97
29,Caravelas,BR,2022-02-03 00:59:03,-17.7125,-39.2481,76.37,90,12,5.03
30,Strezhevoy,RU,2022-02-03 01:02:58,60.7333,77.5889,21.18,93,100,11.03
31,Biak,ID,2022-02-03 01:02:58,-0.9131,122.8766,82.18,64,99,2.77
32,Tessalit,ML,2022-02-03 01:02:59,20.1986,1.0114,59.86,15,7,11.05
33,Paamiut,GL,2022-02-03 01:02:59,61.994,-49.6678,14.22,62,100,20.42
34,Jamestown,US,2022-02-03 01:00:20,42.097,-79.2353,39.29,49,100,5.99
35,Ancud,CL,2022-02-03 01:03:00,-41.8697,-73.8203,60.42,89,75,3.2
36,Port Alfred,ZA,2022-02-03 01:03:00,-33.5906,26.891,73.54,92,100,8.9
37,Youghal,IE,2022-02-03 01:03:00,51.95,-7.8506,47.01,100,91,6.69
38,Kidal,ML,2022-02-03 01:03:01,18.4411,1.4078,62.74,15,6,12.57
39,Nsanje,MW,2022-02-03 01:03:01,-16.92,35.262,71.67,94,100,1.25
40,Camacha,PT,2022-02-03 01:03:02,33.0833,-16.3333,63.54,88,40,12.66
41,Albany,US,2022-02-03 01:01:33,42.6001,-73.9662,41.47,77,100,3.38
42,Busselton,AU,2022-02-03 01:03:02,-33.65,115.3333,76.05,36,53,16.06
43,Cidreira,BR,2022-02-03 00:59:01,-30.1811,-50.2056,75.49,86,5,18.97
44,Barrow,US,2022-02-03 01:01:51,71.2906,-156.7887,-20.18,63,0,4.61
45,Saint-Philippe,RE,2022-02-03 01:03:03,-21.3585,55.7679,80.19,95,100,34.02
46,Qaanaaq,GL,2022-02-03 01:03:04,77.484,-69.3632,-10.7,83,100,6.93
47,Angoche,MZ,2022-02-03 01:03:04,-16.2325,39.9086,74.64,91,12,5.44
48,Los Llanos De Aridane,ES,2022-02-03 01:03:05,28.6585,-17.9182,67.12,62,75,8.99
49,Prokopyevsk,RU,2022-02-03 01:04:05,53.9059,86.719,-3.21,100,100,1.23
50,Dikson,RU,2022-02-03 01:04:05,73.5069,80.5464,-6.81,97,100,12.28
51,New Norfolk,AU,2022-02-03 01:04:06,-42.7826,147.0587,62.1,91,99,4.43
52,North Myrtle Beach,US,2022-02-03 00:59:53,33.816,-78.68,56.34,85,75,1.99
53,Laguna,US,2022-02-03 01:04:06,38.421,-121.4238,59.05,32,0,8.01
54,Vao,NC,2022-02-03 01:04:07,-22.6667,167.4833,78.37,71,100,9.89
55,Tuktoyaktuk,CA,2022-02-03 01:04:07,69.4541,-133.0374,-18.51,98,99,9.71
56,Mar Del Plata,AR,2022-02-03 01:01:55,-38.0023,-57.5575,71.13,74,100,9.73
57,Lompoc,US,2022-02-03 01:04:08,34.6391,-120.4579,62.49,44,0,14.97
58,Cape Town,ZA,2022-02-03 01:01:51,-33.9258,18.4232,66.11,88,0,3.0
59,Jardim,BR,2022-02-03 01:02:34,-21.4803,-56.1381,74.03,92,23,4.5
60,Hithadhoo,MV,2022-02-03 01:04:08,-0.6,73.0833,81.37,70,6,2.71
61,Rio Grande,BR,2022-02-03 01:02:43,-32.035,-52.0986,73.85,85,0,18.79
62,Tasiilaq,GL,2022-02-03 01:04:09,65.6145,-37.6368,10.56,80,95,5.39
63,Namatanai,PG,2022-02-03 01:04:09,-3.6667,152.4333,78.94,83,100,8.68
64,Charlotte,US,2022-02-03 01:01:40,35.2271,-80.8431,51.39,52,100,1.99
65,Aklavik,CA,2022-02-03 01:04:10,68.2191,-135.0107,-24.41,98,99,3.78
66,Haines Junction,CA,2022-02-03 01:04:10,60.7522,-137.5108,4.19,98,100,1.81
67,Gonbad-E Qabus,IR,2022-02-03 01:04:11,37.25,55.1672,48.7,50,0,5.3
68,Hilo,US,2022-02-03 01:04:11,19.7297,-155.09,78.53,73,75,8.05
69,Port Lincoln,AU,2022-02-03 01:00:15,-34.7333,135.8667,65.19,58,75,15.64
70,Muros,ES,2022-02-03 01:04:13,42.7762,-9.0603,54.23,89,100,6.42
71,Kaitangata,NZ,2022-02-03 01:04:13,-46.2817,169.8464,54.25,95,100,3.04
72,Burns Lake,CA,2022-02-03 01:00:20,54.2331,-125.7533,14.09,97,100,1.12
73,Sao Filipe,CV,2022-02-03 01:04:14,14.8961,-24.4956,73.69,75,0,12.21
74,Lieksa,FI,2022-02-03 01:04:14,63.3167,30.0167,1.35,99,94,2.39
75,Ponta Do Sol,PT,2022-02-03 01:04:14,32.6667,-17.1,67.01,80,99,8.79
76,Ilulissat,GL,2022-02-03 01:04:15,69.2167,-51.1,-0.38,46,100,25.32
77,Novyy Urengoy,RU,2022-02-03 01:04:15,66.0833,76.6333,-9.76,98,99,12.12
78,Tungor,RU,2022-02-03 01:04:16,53.3808,142.9564,2.82,94,100,28.3
79,Saint George,US,2022-02-03 01:00:16,37.1041,-113.5841,39.67,21,1,8.01
80,Fairbanks,US,2022-02-03 01:00:04,64.8378,-147.7164,-11.02,71,12,2.86
81,Katobu,ID,2022-02-03 01:04:16,-4.9408,122.5276,82.89,70,100,2.3
82,Bredasdorp,ZA,2022-02-03 01:04:17,-34.5322,20.0403,67.53,78,0,6.91
83,Severo-Kurilsk,RU,2022-02-03 01:04:17,50.6789,156.125,30.67,76,100,10.07
84,Catuday,PH,2022-02-03 01:04:18,16.2923,119.8062,77.47,67,5,11.65
85,Ligatne,LV,2022-02-03 01:04:18,57.2343,25.0406,21.25,95,79,1.72
86,Salisbury,GB,2022-02-03 01:04:18,51.0693,-1.7957,48.29,84,100,6.51
87,Le Mars,US,2022-02-03 01:04:19,42.7942,-96.1656,9.91,51,40,16.11
88,Vestmannaeyjar,IS,2022-02-03 01:03:12,63.4427,-20.2734,29.5,83,100,14.76
89,Vaini,TO,2022-02-03 01:04:19,-21.2,-175.2,87.96,70,40,6.91
90,Codrington,AU,2022-02-03 01:04:20,-38.2667,141.9667,60.64,62,100,15.82
91,East London,ZA,2022-02-03 01:04:20,-33.0153,27.9116,73.87,94,100,8.77
92,Ribeira Grande,PT,2022-02-03 01:04:21,38.5167,-28.7,59.43,71,16,7.23
93,Ahar,IR,2022-02-03 01:04:21,38.4774,47.0699,20.28,76,100,10.09
94,Talnakh,RU,2022-02-03 01:04:22,69.4865,88.3972,-9.08,99,99,6.62
95,Faanui,PF,2022-02-03 01:04:22,-16.4833,-151.75,81.21,75,14,20.09
96,Esperance,AU,2022-02-03 01:04:22,-33.8667,121.9,69.35,53,6,15.5
97,Arequipa,PE,2022-02-03 01:00:24,-16.3989,-71.535,59.36,67,78,4.07
98,Dunedin,NZ,2022-02-03 01:05:23,-45.8742,170.5036,54.7,92,100,7.05
99,Nikolskoye,RU,2022-02-03 01:05:24,59.7035,30.7861,17.49,99,95,1.63
100,Ponta Delgada,PT,2022-02-03 01:04:37,37.7333,-25.6667,59.5,82,20,6.91
101,Seoul,KR,2022-02-03 01:02:26,37.5683,126.9778,26.04,33,0,7.78
102,Yellowknife,CA,2022-02-03 01:05:16,62.456,-114.3525,-24.45,80,34,4.0
103,Atuona,PF,2022-02-03 01:05:25,-9.8,-139.0333,78.24,77,100,14.65
104,Cayenne,GF,2022-02-03 01:05:25,4.9333,-52.3333,78.1,85,100,1.01
105,Mount Isa,AU,2022-02-03 01:01:47,-20.7333,139.5,80.37,78,100,14.97
106,Klaksvik,FO,2022-02-03 01:05:26,62.2266,-6.589,40.12,76,100,10.94
107,Atar,MR,2022-02-03 01:05:27,20.5169,-13.0499,71.51,21,0,7.52
108,San Cristobal,VE,2022-02-03 01:05:27,7.7669,-72.225,75.38,59,12,1.74
109,Pandan,PH,2022-02-03 01:05:27,14.0453,124.1694,78.3,86,84,15.08
110,Ambilobe,MG,2022-02-03 01:05:28,-13.2,49.05,73.4,95,100,1.66
111,Mahebourg,MU,2022-02-03 01:05:28,-20.4081,57.7,78.26,88,100,31.88
112,Gat,IL,2022-02-03 01:04:03,31.61,34.7642,56.39,53,0,2.82
113,Kandrian,PG,2022-02-03 01:05:29,-6.2167,149.55,79.0,82,100,15.99
114,Praia Da Vitoria,PT,2022-02-03 01:05:29,38.7333,-27.0667,56.75,83,25,5.86
115,Manadhoo,MV,2022-02-03 01:01:51,5.7667,73.3833,80.91,72,35,5.64
116,Farcasa,RO,2022-02-03 01:05:30,47.5833,23.3333,32.25,93,75,0.0
117,Ramshir,IR,2022-02-03 01:05:30,30.8946,49.4092,53.24,55,0,7.29
118,Jacksonville Beach,US,2022-02-03 01:05:31,30.2947,-81.3931,67.14,81,75,3.0
119,Yining,CN,2022-02-03 01:05:31,29.0361,114.5636,36.9,90,100,1.54
120,Torbay,CA,2022-02-03 01:03:19,47.6666,-52.7314,21.76,90,14,5.01
121,Khatanga,RU,2022-02-03 01:05:32,71.9667,102.5,-36.22,99,36,2.19
122,Lodwar,KE,2022-02-03 01:05:32,3.1191,35.5973,84.61,39,100,6.89
123,Port Macquarie,AU,2022-02-03 01:05:32,-31.4333,152.9167,68.9,100,75,9.22
124,Gobabis,NA,2022-02-03 01:05:33,-22.45,18.9667,66.15,75,12,4.81
125,Tilichiki,RU,2022-02-03 01:05:33,60.4667,166.1,4.32,81,72,10.2
126,Hay River,CA,2022-02-03 01:05:34,60.8156,-115.7999,-19.66,100,51,3.51
127,Parsabad,IR,2022-02-03 01:05:34,39.6482,47.9174,45.19,43,98,9.01
128,Qazvin,IR,2022-02-03 01:05:34,36.2797,50.0049,37.11,27,7,4.32
129,Hermanus,ZA,2022-02-03 01:05:35,-34.4187,19.2345,65.89,86,0,10.85
130,Berasia,IN,2022-02-03 01:05:35,23.6333,77.4333,57.92,50,4,6.38
131,Kutum,SD,2022-02-03 01:05:36,14.2,24.6667,62.51,21,36,10.65
132,Airai,TL,2022-02-03 01:05:37,-8.9266,125.4092,66.76,77,99,3.47
133,Fortuna,US,2022-02-03 01:05:29,40.5982,-124.1573,53.47,84,20,1.01
134,Matay,EG,2022-02-03 01:05:37,28.419,30.7792,53.73,36,0,7.9
135,Lahat,ID,2022-02-03 01:05:38,-3.8,103.5333,76.44,90,90,1.25
136,Thompson,CA,2022-02-03 01:05:38,55.7435,-97.8558,-10.14,82,46,12.03
137,Geraldton,AU,2022-02-03 01:05:39,-28.7667,114.6,91.81,15,0,31.07
138,Gambela,ET,2022-02-03 01:05:39,8.25,34.5833,81.52,35,58,2.04
139,Cap Malheureux,MU,2022-02-03 01:05:40,-19.9842,57.6142,78.48,91,100,15.99
140,Port Elizabeth,ZA,2022-02-03 01:05:40,-33.918,25.5701,71.1,91,99,10.69
141,Hamilton,US,2022-02-03 01:02:18,39.1834,-84.5333,45.36,96,100,1.99
142,Chuy,UY,2022-02-03 01:05:41,-33.6971,-53.4616,71.13,86,0,11.63
143,Vila Franca Do Campo,PT,2022-02-03 01:05:41,37.7167,-25.4333,59.2,81,35,8.84
144,Arraial Do Cabo,BR,2022-02-03 01:05:24,-22.9661,-42.0278,75.25,88,100,4.25
145,Half Moon Bay,US,2022-02-03 01:06:41,37.4636,-122.4286,62.47,44,0,3.0
146,Arys,KZ,2022-02-03 01:06:42,42.4252,68.795,34.02,75,0,0.85
147,Puerto Ayora,EC,2022-02-03 01:06:42,-0.7393,-90.3518,74.55,93,0,1.99
148,Marzuq,YE,2022-02-03 01:03:13,14.4,46.4667,60.15,42,7,4.05
149,Chokurdakh,RU,2022-02-03 01:06:43,70.6333,147.9167,-20.83,98,100,6.96
150,Mamou,GN,2022-02-03 01:06:44,10.5,-12.0,66.65,16,0,2.53
151,Salalah,OM,2022-02-03 01:04:26,17.0151,54.0924,77.09,22,0,12.66
152,Darhan,MN,2022-02-03 01:06:44,49.4867,105.9228,-7.28,92,95,4.72
153,Oskemen,KZ,2022-02-03 01:06:45,49.9565,82.6119,-13.04,76,100,0.0
154,Bandarbeyla,SO,2022-02-03 01:06:45,9.4942,50.8122,73.45,77,13,15.73
155,Olimpia,BR,2022-02-03 01:06:46,-20.7372,-48.9147,69.22,94,91,6.11
156,Tateyama,JP,2022-02-03 01:06:46,34.9833,139.8667,48.09,50,100,6.13
157,Tehachapi,US,2022-02-03 01:02:59,35.1322,-118.449,47.16,22,0,5.99
158,Tazovskiy,RU,2022-02-03 01:06:47,67.4667,78.7,-14.87,98,93,9.8
159,Jaicos,BR,2022-02-03 01:06:47,-7.3592,-41.1378,76.14,50,26,4.92
160,Pandamatenga,BW,2022-02-03 01:06:48,-18.5278,25.627,66.36,91,0,3.38
161,Pangnirtung,CA,2022-02-03 01:06:48,66.1451,-65.7125,4.78,86,100,7.23
162,Verkhoyansk,RU,2022-02-03 01:06:49,67.5447,133.385,-34.71,100,96,1.14
163,Namibe,AO,2022-02-03 01:06:49,-15.1961,12.1522,71.64,73,72,8.93
164,Farafangana,MG,2022-02-03 01:06:50,-22.8167,47.8333,73.4,80,59,6.13
165,Elko,US,2022-02-03 01:06:50,41.0002,-115.5012,24.82,48,36,5.46
166,Gamba,GA,2022-02-03 01:06:51,-2.65,10.0,76.6,87,100,4.54
167,Norman Wells,CA,2022-02-03 01:06:51,65.282,-126.8329,-24.47,99,71,5.28
168,Wilmington Island,US,2022-02-03 01:02:21,32.0036,-80.9737,59.04,82,100,4.61
169,Dondo,MZ,2022-02-03 01:06:52,-19.6094,34.7431,71.82,93,6,3.85
170,Marovoay,MG,2022-02-03 01:06:52,-16.1,46.6333,77.14,89,100,1.92
171,Faya,SA,2022-02-03 01:06:53,18.3851,42.4509,48.72,69,42,1.07
172,Kareli,IN,2022-02-03 01:06:53,22.9167,79.0667,59.36,49,2,2.66
173,Te Anau,NZ,2022-02-03 01:06:54,-45.4167,167.7167,60.4,87,100,3.65
174,Tiruchchendur,IN,2022-02-03 01:06:55,8.4833,78.1167,74.98,66,6,7.16
175,Racine,US,2022-02-03 01:06:55,42.7495,-88.0751,17.29,65,100,7.0
176,Karpathos,GR,2022-02-03 01:03:09,35.507,27.2132,57.16,72,100,13.8
177,Zhigansk,RU,2022-02-03 01:06:55,66.7697,123.3711,-12.86,98,100,7.25
178,Sinnamary,GF,2022-02-03 01:06:56,5.3833,-52.95,78.13,82,100,11.12
179,Cherskiy,RU,2022-02-03 01:06:56,68.75,161.3,-15.59,72,58,0.67
180,Jalu,LY,2022-02-03 01:06:57,29.0331,21.5482,51.31,60,17,20.02
181,Haian,CN,2022-02-03 01:06:57,32.5436,120.45,41.0,62,14,7.72
182,Ippy,CF,2022-02-03 01:06:58,6.2679,21.2247,76.57,19,39,5.66
183,Bethel,US,2022-02-03 01:06:58,41.3712,-73.414,40.05,86,100,0.0
184,Egvekinot,RU,2022-02-03 01:06:59,66.3167,-179.1667,-7.74,78,7,19.75
185,Shelburne,CA,2022-02-03 01:06:59,44.0787,-80.2041,27.75,95,100,10.63
186,Korhogo,CI,2022-02-03 01:07:00,9.45,-5.6333,67.48,8,63,3.33
187,Banda Aceh,ID,2022-02-03 01:06:34,5.5577,95.3222,78.6,83,17,8.84
188,Roald,NO,2022-02-03 01:08:00,62.5833,6.1333,34.32,69,75,13.8
189,Kousseri,CM,2022-02-03 01:08:01,12.0769,15.0306,65.48,38,3,8.25
190,Humen,CN,2022-02-03 01:08:01,22.819,113.6731,52.12,83,100,8.55
191,Longyearbyen,SJ,2022-02-03 01:07:43,78.2186,15.6401,15.64,67,0,24.16
192,Komsomolskiy,UZ,2022-02-03 01:08:02,40.4272,71.7189,35.02,86,99,2.3
193,Miraflores,MX,2022-02-03 01:08:02,19.2167,-98.8083,67.03,57,0,5.28
194,Kholmogory,RU,2022-02-03 01:08:03,64.2229,41.656,10.51,98,100,1.48
195,Mogadishu,SO,2022-02-03 01:08:04,2.0371,45.3438,77.04,88,98,19.17
196,Clarence Town,AU,2022-02-03 01:08:04,-32.5833,151.7833,73.15,92,100,6.4
197,Staryy Nadym,RU,2022-02-03 01:08:04,65.6118,72.6842,6.91,95,100,12.39
198,Ornskoldsvik,SE,2022-02-03 01:05:30,63.2909,18.7153,4.15,100,100,4.61
199,Havoysund,NO,2022-02-03 01:08:05,70.9963,24.6622,18.48,86,94,9.6
200,Victoria,HK,2022-02-03 01:07:59,22.2855,114.1577,55.33,88,100,5.99
201,Kruisfontein,ZA,2022-02-03 01:08:06,-34.0033,24.7314,68.88,89,100,10.6
202,Huilong,CN,2022-02-03 01:08:06,31.8111,121.655,43.93,62,100,10.98
203,Kapiri Mposhi,ZM,2022-02-03 01:08:07,-13.9652,28.6809,62.56,98,100,4.25
204,Dicabisagan,PH,2022-02-03 01:08:07,17.0818,122.4157,76.46,76,78,3.56
205,Shyryayeve,UA,2022-02-03 01:08:07,47.3805,30.1964,29.95,89,100,3.89
206,Sao Raimundo Das Mangabeiras,BR,2022-02-03 01:08:08,-7.0219,-45.4811,76.3,72,12,3.27
207,Shimoda,JP,2022-02-03 01:08:08,34.6667,138.95,46.11,52,79,23.49
208,George,ZA,2022-02-03 01:08:09,-33.963,22.4617,67.55,94,100,5.75
209,Pisco,PE,2022-02-03 01:08:09,-13.7,-76.2167,68.05,77,0,16.11
210,Avarua,CK,2022-02-03 01:08:09,-21.2078,-159.775,84.25,79,75,18.41
211,Okha,RU,2022-02-03 01:08:10,53.5739,142.9478,3.83,93,100,26.78
212,Latur,IN,2022-02-03 01:08:10,18.4,76.5833,66.18,35,23,5.86
213,Cody,US,2022-02-03 01:08:11,44.5263,-109.0565,4.64,62,0,3.44
214,Maldonado,UY,2022-02-03 01:08:04,-34.6667,-54.9167,74.59,86,6,8.61
215,Ugoofaaru,MV,2022-02-03 01:08:11,5.6667,73.0,80.37,73,28,6.22
216,Penzance,GB,2022-02-03 01:08:12,50.1186,-5.5371,46.76,84,100,14.14
217,Kashi,CN,2022-02-03 01:08:12,39.4547,75.9797,26.13,41,100,1.77
218,Georgetown,MY,2022-02-03 01:04:43,5.4112,100.3354,80.89,80,20,1.01
219,Santa Marta,CO,2022-02-03 01:05:29,11.2408,-74.199,78.35,86,8,15.41
220,Presidencia Roque Saenz Pena,AR,2022-02-03 01:08:13,-26.7852,-60.4388,89.6,25,85,6.15
221,Tocopilla,CL,2022-02-03 01:08:13,-22.092,-70.1979,70.41,71,2,11.74
222,Sorland,NO,2022-02-03 01:08:14,67.667,12.6934,27.81,58,100,11.34
223,Flin Flon,CA,2022-02-03 01:08:14,54.7682,-101.865,-17.39,95,10,5.03
224,Sisimiut,GL,2022-02-03 01:08:15,66.9395,-53.6735,1.36,75,100,20.02
225,Pundaguitan,PH,2022-02-03 01:08:15,6.3711,126.1689,78.94,75,100,13.87
226,Sobolevo,RU,2022-02-03 01:08:15,54.4299,31.8996,24.19,97,100,5.86
227,La Ronge,CA,2022-02-03 01:08:16,55.1001,-105.2842,-21.87,98,9,3.78
228,Caruray,PH,2022-02-03 01:08:16,10.3094,119.0128,79.68,84,90,9.01
229,Constitucion,CL,2022-02-03 01:05:19,-35.3333,-72.4167,58.12,87,69,5.48
230,Krasnyy Chikoy,RU,2022-02-03 01:09:17,50.3643,108.7512,-7.17,99,100,1.99
231,Kavieng,PG,2022-02-03 01:06:36,-2.5744,150.7967,79.7,81,100,15.64
232,Manuk Mangkaw,PH,2022-02-03 01:09:17,4.8,119.85,80.6,75,100,5.35
233,Palasa,IN,2022-02-03 01:09:17,18.7667,84.4167,67.26,89,12,4.34
234,Fergus Falls,US,2022-02-03 01:09:18,46.283,-96.0776,-8.14,64,0,6.91
235,De-Kastri,RU,2022-02-03 01:09:18,51.4667,140.7833,4.06,79,100,17.54
236,Dublin,US,2022-02-03 01:09:19,37.7021,-121.9358,61.39,29,0,8.05
237,La Romana,DO,2022-02-03 01:09:19,18.4273,-68.9728,76.73,88,40,0.0
238,Sao Joao Da Barra,BR,2022-02-03 01:09:20,-21.6403,-41.0511,74.71,91,100,6.42
239,Tashtagol,RU,2022-02-03 01:08:05,52.7657,87.8894,-3.48,100,100,2.55
240,Novikovo,RU,2022-02-03 01:09:20,51.1537,37.8879,31.6,99,100,3.65
241,Sembakung,ID,2022-02-03 01:09:21,3.8167,117.25,80.53,84,58,1.77
242,Petropavlovsk-Kamchatskiy,RU,2022-02-03 01:09:21,53.0452,158.6483,30.78,69,75,6.71
243,Bathsheba,BB,2022-02-03 01:09:21,13.2167,-59.5167,75.81,83,20,19.57
244,Richards Bay,ZA,2022-02-03 01:09:22,-28.783,32.0377,76.15,83,1,15.57
245,Vizinga,RU,2022-02-03 01:09:22,61.0749,50.1031,20.73,94,100,6.73
246,Ellsworth,US,2022-02-03 01:09:23,44.5434,-68.4195,40.86,96,100,0.0
247,Tres Lagoas,BR,2022-02-03 01:08:49,-20.7511,-51.6783,74.1,90,98,4.76
248,Tono,JP,2022-02-03 01:09:23,39.3167,141.5333,27.82,76,94,12.55
249,Xining,CN,2022-02-03 01:09:24,36.6167,101.7667,11.35,62,6,1.97
250,Inirida,CO,2022-02-03 01:09:24,3.8653,-67.9239,77.58,75,37,1.77
251,Padang,ID,2022-02-03 01:09:25,-0.9492,100.3543,79.83,80,70,3.44
252,Pevek,RU,2022-02-03 01:09:25,69.7008,170.3133,-6.63,74,0,4.12
253,Skibotn,NO,2022-02-03 01:09:26,69.3913,20.2679,14.09,87,100,10.83
254,Uglekamensk,RU,2022-02-03 01:09:26,43.2172,133.2303,10.35,62,10,6.2
255,Sitka,US,2022-02-03 01:06:55,57.0531,-135.33,39.09,93,100,5.75
256,Ankang,CN,2022-02-03 01:09:27,32.68,109.0172,33.66,64,100,2.06
257,Saldanha,ZA,2022-02-03 01:09:27,-33.0117,17.9442,63.21,90,0,8.08
258,Loandjili,CG,2022-02-03 01:09:28,-4.7561,11.8578,78.46,80,100,9.71
259,Kalundborg,DK,2022-02-03 01:09:28,55.6795,11.0886,39.51,91,100,18.63
260,Bitung,ID,2022-02-03 01:09:28,1.4451,125.1824,79.65,82,92,9.69
261,Noshiro,JP,2022-02-03 01:09:29,40.2039,140.0242,33.33,59,99,21.03
262,Bairiki,KI,2022-02-03 01:09:29,1.3292,172.9752,84.2,84,20,5.75
263,Zhezkazgan,KZ,2022-02-03 01:09:20,47.8043,67.7144,0.19,91,15,5.55
264,Mongar,BT,2022-02-03 01:09:30,27.2747,91.2396,34.25,87,8,5.1
265,Slavonski Brod,HR,2022-02-03 01:09:30,45.1603,18.0156,41.25,75,4,9.13
266,General Pico,AR,2022-02-03 01:09:31,-35.6566,-63.7568,68.92,90,100,5.41
267,Nanortalik,GL,2022-02-03 01:09:31,60.1432,-45.2371,13.33,61,100,9.84
268,Gazojak,TM,2022-02-03 01:09:31,41.1875,61.4036,36.93,59,0,8.5
269,Hirara,JP,2022-02-03 01:09:32,24.8,125.2833,68.27,88,75,9.22
270,Saint-Francois,FR,2022-02-03 01:09:32,46.4154,3.9054,41.41,99,100,4.61
271,Ahipara,NZ,2022-02-03 01:09:32,-35.1667,173.1667,76.35,63,67,14.52
272,Sioux Lookout,CA,2022-02-03 01:09:33,50.1001,-91.917,-11.45,89,100,8.7
273,Carlsbad,US,2022-02-03 01:08:03,33.1581,-117.3506,65.62,15,0,3.0
274,Bhikangaon,IN,2022-02-03 01:07:09,21.8667,75.95,65.41,37,0,4.63
275,Lagos,NG,2022-02-03 01:06:45,6.5833,3.75,72.5,92,22,0.63
276,Katsuura,JP,2022-02-03 01:09:34,35.1333,140.3,48.18,47,100,5.73
277,Udachnyy,RU,2022-02-03 01:09:34,66.4167,112.4,-33.65,100,50,2.39
278,Chemainus,CA,2022-02-03 01:10:34,48.9163,-123.7194,39.52,80,100,4.0
279,La Ferte-Bernard,FR,2022-02-03 01:10:35,48.1863,0.6536,46.02,96,100,4.88
280,Escuintla,GT,2022-02-03 01:10:36,14.305,-90.785,79.48,80,69,1.03
281,Sarakhs,IR,2022-02-03 01:10:36,36.5449,61.1577,45.14,37,0,9.98
282,Mayo,US,2022-02-03 01:10:36,38.8876,-76.5119,45.09,86,0,5.75
283,Boppard,DE,2022-02-03 01:10:37,50.2308,7.5899,49.12,87,100,4.14
284,Sarab,IR,2022-02-03 01:10:37,38.6066,44.9883,23.68,78,100,4.36
285,Cockburn Town,TC,2022-02-03 01:08:46,21.4612,-71.1419,73.36,78,75,13.8
286,Mangan,IN,2022-02-03 01:10:38,27.5167,88.5333,45.75,61,43,5.77
287,Maarianhamina,AX,2022-02-03 01:10:38,60.0973,19.9348,26.91,73,100,10.49
288,Ozernovskiy,RU,2022-02-03 01:10:39,51.5,156.5167,28.56,74,100,6.64
289,Moose Factory,CA,2022-02-03 01:10:39,51.2585,-80.6094,-20.63,98,14,3.2
290,Takoradi,GH,2022-02-03 01:08:27,4.8845,-1.7554,78.96,84,62,4.36
291,Poyarkovo,RU,2022-02-03 01:10:40,49.6,128.6833,-10.23,94,17,6.02
292,Kirakira,SB,2022-02-03 01:10:40,-10.4544,161.9205,82.06,82,100,6.62
293,Twin Falls,US,2022-02-03 01:10:40,42.3505,-114.6445,17.94,79,100,6.91
294,Tabuk,PH,2022-02-03 01:10:41,17.4189,121.4443,72.73,78,9,3.87
295,Tamale,GH,2022-02-03 01:10:41,9.4008,-0.8393,73.44,8,9,7.67
296,Kamenka,RU,2022-02-03 01:10:42,51.3223,42.7678,31.75,99,100,5.39
297,Eureka,US,2022-02-03 01:08:45,40.8021,-124.1637,53.74,80,14,11.99
298,Russkaya Polyana,UA,2022-02-03 01:10:42,49.417,31.9201,25.05,95,100,5.64
299,Kargasok,RU,2022-02-03 01:10:43,59.0556,80.8572,13.84,90,100,10.22
300,Kasongo-Lunda,CD,2022-02-03 01:10:43,-6.4667,16.8167,69.42,97,100,0.87
301,Rumford,US,2022-02-03 01:10:44,44.5537,-70.5509,39.07,85,100,5.23
302,Anadyr,RU,2022-02-03 01:10:44,64.75,177.4833,19.9,58,0,29.08
303,Shakawe,BW,2022-02-03 01:10:44,-18.3667,21.85,67.06,90,5,3.91
304,Syracuse,IT,2022-02-03 01:10:45,37.0881,15.2792,48.31,70,0,11.65
305,Makakilo City,US,2022-02-03 01:10:45,21.3469,-158.0858,80.92,58,20,8.05
306,Enshi,CN,2022-02-03 01:10:46,30.3,109.4833,37.15,92,99,1.45
307,Curanilahue,CL,2022-02-03 01:10:46,-37.4667,-73.35,55.87,96,9,4.03
308,Beringovskiy,RU,2022-02-03 01:10:46,63.05,179.3167,8.71,74,100,22.75
309,Goderich,CA,2022-02-03 01:08:28,43.7501,-81.7165,26.91,95,100,15.32
310,Tooele,US,2022-02-03 01:10:47,40.5308,-112.2983,23.16,73,0,3.44
311,Gunnedah,AU,2022-02-03 01:10:47,-30.9833,150.25,69.42,75,98,15.52
312,Middle Island,US,2022-02-03 01:10:21,40.8843,-72.9373,40.84,91,100,0.0
313,Waddan,LY,2022-02-03 01:08:08,29.1614,16.139,46.49,61,4,11.41
314,Tautira,PF,2022-02-03 01:10:48,-17.7333,-149.15,89.62,78,24,20.2
315,Bengkulu,ID,2022-02-03 01:10:32,-3.8004,102.2655,78.35,80,75,3.91
316,Kurchum,KZ,2022-02-03 01:10:48,48.5722,83.6542,-14.75,94,11,1.01
317,Carmo Do Rio Claro,BR,2022-02-03 01:10:49,-20.9719,-46.1189,65.68,97,89,2.19
318,Milkovo,RU,2022-02-03 01:10:49,54.7167,158.6167,22.17,91,100,11.12
319,Kahului,US,2022-02-03 01:06:10,20.8947,-156.47,83.46,68,40,14.97
320,Chicama,PE,2022-02-03 01:10:50,-7.8447,-79.1469,64.94,69,86,7.76
321,Ipanema,BR,2022-02-03 01:10:50,-30.1391,-51.2244,79.65,87,0,13.8
322,Valle De Allende,MX,2022-02-03 01:10:51,26.9333,-105.4,52.72,50,100,22.93
323,Yeppoon,AU,2022-02-03 01:10:51,-23.1333,150.7333,85.78,72,100,5.23
324,Rocha,UY,2022-02-03 01:10:51,-34.4833,-54.3333,68.29,89,0,9.55
325,Key Largo,US,2022-02-03 01:08:38,25.0865,-80.4473,72.0,63,0,18.54
326,Carnot,CF,2022-02-03 01:11:52,4.9409,15.8665,66.02,29,65,1.43
327,Sao Domingos Do Maranhao,BR,2022-02-03 01:11:52,-5.5758,-44.3853,73.33,84,100,1.16
328,Nevel,RU,2022-02-03 01:11:53,56.0209,29.9284,20.37,95,100,3.18
329,Cabo San Lucas,MX,2022-02-03 01:08:59,22.8909,-109.9124,72.7,67,75,9.22
330,Atocha,BO,2022-02-03 01:11:12,-20.9333,-66.2333,51.15,71,0,6.24
331,Nabire,ID,2022-02-03 01:11:53,-3.3667,135.4833,83.59,71,100,3.11
332,Zavodoukovsk,RU,2022-02-03 01:09:06,56.5042,66.5515,11.3,96,90,7.52
333,Chhuikhadan,IN,2022-02-03 01:11:54,21.5333,80.9833,59.07,44,0,3.04
334,Nishihara,JP,2022-02-03 01:11:54,26.1842,127.7558,69.46,94,100,12.66
335,Nadym,RU,2022-02-03 01:10:00,65.5333,72.5167,7.7,96,100,11.61
336,Bubaque,GW,2022-02-03 01:09:08,11.2833,-15.8333,77.81,82,32,5.59
337,Dakar,SN,2022-02-03 01:07:50,14.6937,-17.4441,74.28,76,64,9.86
338,Salekhard,RU,2022-02-03 01:11:55,66.53,66.6019,-1.98,99,100,3.69
339,Zyryanka,RU,2022-02-03 01:11:55,65.75,150.85,-17.63,97,100,6.29
340,Calama,CL,2022-02-03 01:11:56,-22.4667,-68.9333,57.58,28,0,7.4
341,Tuatapere,NZ,2022-02-03 01:11:56,-46.1333,167.6833,58.82,71,100,9.22
342,Coquimbo,CL,2022-02-03 01:10:50,-29.9533,-71.3436,64.13,82,75,6.91
343,Kununurra,AU,2022-02-03 01:11:57,-15.7667,128.7333,82.38,69,40,9.22
344,Tougue,GN,2022-02-03 01:11:57,11.4667,-11.6,65.17,11,4,2.59
345,Peddapalli,IN,2022-02-03 01:11:58,18.6167,79.3667,63.46,83,62,6.64
346,Alice Springs,AU,2022-02-03 01:11:58,-23.7,133.8833,71.15,60,40,17.27
347,Luderitz,NA,2022-02-03 01:11:59,-26.6481,15.1594,67.66,79,66,2.98
348,Camopi,GF,2022-02-03 01:11:59,3.1655,-52.3158,72.25,99,100,2.1
349,Puerto Del Rosario,ES,2022-02-03 01:12:00,28.5004,-13.8627,69.55,73,100,4.61
350,Ndele,CF,2022-02-03 01:12:00,8.4109,20.6473,71.44,21,33,4.52
351,Port-Gentil,GA,2022-02-03 01:12:01,-0.7193,8.7815,79.68,81,100,10.83
352,Tiksi,RU,2022-02-03 01:12:01,71.6872,128.8694,-3.91,94,100,9.55
353,Namie,JP,2022-02-03 01:12:01,37.4833,141.0,43.99,55,48,7.67
354,Chumikan,RU,2022-02-03 01:12:02,54.7183,135.315,-8.46,82,96,14.2
355,Zemio,CF,2022-02-03 01:11:18,5.0314,25.1361,79.47,26,100,3.02
356,Goundam,ML,2022-02-03 01:12:02,16.4145,-3.6708,64.08,14,83,9.57
357,Fayaoue,NC,2022-02-03 01:12:03,-20.65,166.5333,81.45,78,100,8.23
358,Singapore,SG,2022-02-03 01:10:44,1.2897,103.8501,82.35,78,75,10.36
359,Khandbari,NP,2022-02-03 01:12:04,27.3747,87.2039,46.08,75,50,2.73
360,Lasa,IT,2022-02-03 01:12:04,46.6166,10.7002,38.14,94,47,8.05
361,Ilhabela,BR,2022-02-03 01:12:04,-23.7781,-45.3581,75.29,90,100,4.47
362,Glenwood Springs,US,2022-02-03 01:12:05,39.5505,-107.3248,20.21,88,85,3.74
363,Jizan,SA,2022-02-03 01:12:05,17.3333,42.6667,77.22,77,92,1.92
364,San Patricio,US,2022-02-03 01:12:00,28.017,-97.5169,73.49,83,100,5.95
365,Garwa,IN,2022-02-03 01:12:06,24.1833,83.8167,53.62,79,40,3.02
366,El Espino De Santa Rosa,PA,2022-02-03 01:12:06,8.1,-80.8167,75.18,65,49,4.0
367,Ouesso,CG,2022-02-03 01:12:07,1.6136,16.0517,74.28,34,100,2.37
368,Hernani,ES,2022-02-03 01:12:07,43.2662,-1.9762,49.86,82,43,1.99
369,Castro,BR,2022-02-03 01:10:43,-24.7911,-50.0119,63.57,96,1,6.29
370,Fallon,US,2022-02-03 01:13:08,39.4735,-118.7774,38.91,30,20,6.91
371,Namwala,ZM,2022-02-03 01:13:08,-15.7504,26.4384,64.36,99,54,3.42
372,Celestun,MX,2022-02-03 01:13:08,20.8667,-90.4,79.65,68,0,7.85
373,Lorengau,PG,2022-02-03 01:13:09,-2.0226,147.2712,77.83,87,100,9.64
374,Navahrudak,BY,2022-02-03 01:13:10,53.6,25.8333,21.79,95,99,11.39
375,Havre,FR,2022-02-03 01:13:10,49.5833,0.3333,46.44,87,100,6.91
376,Los Algarrobos,PA,2022-02-03 01:13:11,8.5,-82.4333,77.41,83,20,2.3
377,Mezen,RU,2022-02-03 01:13:11,65.8522,44.24,6.48,98,92,3.36
378,Maniitsoq,GL,2022-02-03 01:13:11,65.4167,-52.9,7.88,63,100,20.31
379,Mabaruma,GY,2022-02-03 01:13:12,8.2,-59.7833,73.69,86,1,4.03
380,Altamont,US,2022-02-03 01:13:12,42.2068,-121.7372,39.04,48,0,4.61
381,Porto Santo,PT,2022-02-03 01:13:12,33.072,-16.3415,66.31,88,40,12.66
382,Iqaluit,CA,2022-02-03 01:13:13,63.7506,-68.5145,5.7,84,100,10.0
383,Gizo,SB,2022-02-03 01:13:13,-8.103,156.8419,82.26,79,100,15.12
384,Waipawa,NZ,2022-02-03 01:13:14,-41.4122,175.5153,72.23,58,100,11.77
385,Nichinan,JP,2022-02-03 01:13:14,31.6,131.3667,39.76,84,100,5.26
386,Kyren,RU,2022-02-03 01:13:15,51.6828,102.1408,0.34,85,99,1.12
387,Saint-Augustin,CA,2022-02-03 01:13:15,51.226,-58.6502,25.7,90,100,23.02
388,Mitu,CO,2022-02-03 01:13:16,1.1983,-70.1733,75.85,74,38,2.3
389,Jagalur,IN,2022-02-03 01:13:16,14.5333,76.35,65.25,60,5,3.89
390,Brae,GB,2022-02-03 01:13:17,60.3964,-1.353,44.51,92,100,9.4
391,Bahia Honda,CU,2022-02-03 01:13:17,22.9036,-83.1592,71.31,84,0,7.07
392,Clyde River,CA,2022-02-03 01:09:24,70.4692,-68.5914,-16.37,76,100,12.66
393,Raga,SS,2022-02-03 01:13:18,8.4596,25.678,72.55,23,59,2.48
394,Evensk,RU,2022-02-03 01:13:18,61.95,159.2333,18.57,47,7,18.39
395,Igarka,RU,2022-02-03 01:13:19,67.4667,86.5833,-7.37,99,100,6.44
396,Akdepe,TM,2022-02-03 01:13:19,42.0551,59.3788,28.4,74,0,9.46
397,Boguchany,RU,2022-02-03 01:13:15,58.3814,97.4531,11.26,96,100,2.35
398,Djenne,ML,2022-02-03 01:13:20,13.9061,-4.5533,69.1,16,0,9.26
399,Bontang,ID,2022-02-03 01:13:20,0.1333,117.5,81.27,72,98,9.42
400,Samarai,PG,2022-02-03 01:11:46,-10.6167,150.6667,84.88,65,100,7.47
401,Skibbereen,IE,2022-02-03 01:13:21,51.55,-9.2667,50.11,88,100,9.17
402,Tias,ES,2022-02-03 01:13:21,28.9611,-13.645,67.75,52,0,9.22
403,Maningrida,AU,2022-02-03 01:13:22,-12.0667,134.2667,82.69,74,100,13.47
404,Muroto,JP,2022-02-03 01:13:18,33.2833,134.15,44.92,68,100,7.38
405,Garowe,SO,2022-02-03 01:13:22,8.4054,48.4845,65.79,82,0,7.74
406,Narsaq,GL,2022-02-03 01:13:23,60.9167,-46.05,3.42,61,100,12.15
407,Qaqortoq,GL,2022-02-03 01:13:23,60.7167,-46.0333,3.7,60,100,12.33
408,Prince Rupert,CA,2022-02-03 01:13:24,54.3161,-130.3201,41.09,93,100,4.61
409,Awjilah,LY,2022-02-03 01:13:24,29.1081,21.2869,51.28,61,20,20.6
410,Capiibary,PY,2022-02-03 01:13:24,-24.8,-56.0333,82.11,55,30,7.45
411,Nome,US,2022-02-03 01:13:05,64.5011,-165.4064,11.1,53,0,33.38
412,Lavrentiya,RU,2022-02-03 01:13:25,65.5833,-171.0,2.82,63,1,22.62
413,Lowestoft,GB,2022-02-03 01:13:25,52.4752,1.7516,48.31,92,100,9.44
414,Sibolga,ID,2022-02-03 01:13:26,1.7427,98.7792,77.97,82,24,1.92
415,Morant Bay,JM,2022-02-03 01:13:23,17.8815,-76.4093,78.42,84,9,10.0
416,Kishni,IN,2022-02-03 01:14:26,27.0247,79.2634,52.59,61,95,11.65
417,Tucumcari,US,2022-02-03 01:14:27,35.1717,-103.725,14.94,73,100,14.97
418,Shaowu,CN,2022-02-03 01:14:27,27.3409,117.4831,40.48,95,100,2.21
419,La Rioja,ES,2022-02-03 01:10:48,42.25,-2.5,29.98,18,33,6.71
420,Yar-Sale,RU,2022-02-03 01:14:28,66.8333,70.8333,3.76,96,100,11.97
421,Vadlapudi,IN,2022-02-03 01:14:28,14.3167,79.8,65.75,82,0,7.07
422,Singkang,MY,2022-02-03 01:14:29,2.1006,102.7994,77.83,82,37,4.5
423,Ternate,ID,2022-02-03 01:14:29,0.8,127.4,80.4,76,100,3.78
424,Necochea,AR,2022-02-03 01:11:05,-38.5473,-58.7368,72.03,75,100,13.38
425,Winder,US,2022-02-03 01:14:30,33.9926,-83.7202,49.75,64,100,3.44
426,Touros,BR,2022-02-03 01:09:42,-5.1989,-35.4608,81.5,76,47,11.92
427,Berezovyy,RU,2022-02-03 01:14:30,51.6667,135.7,1.11,91,83,1.16
428,Fukue,JP,2022-02-03 01:14:31,32.6881,128.8419,46.67,60,100,19.53
429,Vila Velha,BR,2022-02-03 01:14:31,-20.3297,-40.2925,77.95,91,75,2.3
430,Linqiong,CN,2022-02-03 01:14:31,30.4159,103.4609,38.62,77,7,0.38
431,Oussouye,SN,2022-02-03 01:14:32,12.485,-16.5469,72.16,89,7,3.94
432,Keningau,MY,2022-02-03 01:14:32,5.3378,116.1602,75.65,83,91,3.24
433,Najran,SA,2022-02-03 01:14:32,17.4924,44.1277,55.2,41,71,1.9
434,Ust-Nera,RU,2022-02-03 01:14:33,64.5667,143.2,-12.57,99,100,2.68
435,Shambu,ET,2022-02-03 01:14:33,9.5667,37.1,57.38,58,100,1.41
436,Palmer,US,2022-02-03 01:14:34,42.1584,-72.3287,40.55,80,100,0.0
437,Srednekolymsk,RU,2022-02-03 01:14:34,67.45,153.6833,-23.44,98,100,2.1
438,Goulburn,AU,2022-02-03 01:14:35,-34.75,149.7167,66.15,49,0,5.93
439,Surin,TH,2022-02-03 01:14:35,14.8818,103.4936,76.91,88,74,8.68
440,Praxedis Guerrero,MX,2022-02-03 01:14:35,31.3667,-106.0167,51.26,53,100,7.74
441,Kasongo,CD,2022-02-03 01:14:36,-4.45,26.6667,67.98,96,100,1.19
442,Abalak,RU,2022-02-03 01:14:36,58.1286,68.5944,12.33,97,95,5.99
443,Camana,PE,2022-02-03 01:14:36,-16.6228,-72.7111,71.2,83,68,7.52
444,Nokaneng,BW,2022-02-03 01:14:37,-19.6667,22.2667,70.29,80,6,4.05
445,Hecun,CN,2022-02-03 01:14:37,36.5333,114.1111,33.49,42,0,2.84
446,Poum,NC,2022-02-03 01:14:37,-20.2333,164.0167,80.15,73,0,0.45
447,Roma,US,2022-02-03 01:11:40,43.2128,-75.4557,42.66,70,100,9.22
448,Verkhnyaya Inta,RU,2022-02-03 01:14:38,65.9811,60.3094,12.51,96,100,4.61
449,Barentu,ER,2022-02-03 01:14:38,15.1139,37.5928,69.26,48,49,4.23
450,Quatre Cocos,MU,2022-02-03 01:14:39,-20.2078,57.7625,78.91,90,100,30.15
451,Asau,RO,2022-02-03 01:14:39,46.4333,26.4,25.72,86,100,5.53
452,Takaungu,KE,2022-02-03 01:14:40,-3.6837,39.8566,76.64,91,100,3.27
453,Mangrol,IN,2022-02-03 01:14:40,21.1167,70.1167,71.28,83,72,13.35
454,Rio Gallegos,AR,2022-02-03 01:14:41,-51.6226,-69.2181,51.85,66,40,6.91
455,Katherine,AU,2022-02-03 01:14:41,-14.4667,132.2667,84.52,70,75,12.66
456,Arrecife,ES,2022-02-03 01:11:19,28.963,-13.5477,69.87,52,0,9.22
457,Goroka,PG,2022-02-03 01:14:42,-6.0834,145.3873,67.12,75,98,1.28
458,Iracoubo,GF,2022-02-03 01:14:42,5.4802,-53.2011,78.24,81,100,11.14
459,Nakhon Si Thammarat,TH,2022-02-03 01:14:42,8.25,100.0,79.05,86,15,2.55
460,Majalgaon,IN,2022-02-03 01:14:43,19.15,76.2333,65.79,35,3,6.13
461,Vigrestad,NO,2022-02-03 01:29:22,58.5667,5.7,39.0,90,100,8.95
462,Jutai,BR,2022-02-03 01:29:23,-5.1833,-68.9,74.35,94,100,2.77
463,Buala,SB,2022-02-03 01:29:24,-8.145,159.5921,80.04,84,100,10.2
464,Tiznit,MA,2022-02-03 01:29:23,29.5833,-9.5,64.8,28,1,8.7
465,Athenry,IE,2022-02-03 01:29:24,53.2964,-8.7431,46.04,89,98,11.21
466,Pangai,TO,2022-02-03 01:29:25,-19.8,-174.35,81.79,71,40,8.01
467,Miandrivazo,MG,2022-02-03 01:29:25,-19.5167,45.4667,77.88,83,98,3.33
468,Chapais,CA,2022-02-03 01:28:05,49.7834,-74.8492,8.38,92,100,7.78
469,Pochutla,MX,2022-02-03 01:29:26,15.7432,-96.4661,77.85,74,0,4.5
470,Kaeo,NZ,2022-02-03 01:29:26,-35.1,173.7833,75.33,82,100,12.24
471,Berdigestyakh,RU,2022-02-03 01:29:26,62.0989,126.6992,-18.69,99,98,3.65
472,Bilibino,RU,2022-02-03 01:24:38,68.0546,166.4372,-3.57,66,0,4.99
473,Halifax,CA,2022-02-03 01:25:56,44.6453,-63.5724,36.21,90,73,3.0
474,Kilindoni,TZ,2022-02-03 01:29:27,-7.9139,39.6668,80.69,79,100,11.07
475,Manokwari,ID,2022-02-03 01:29:27,-0.8667,134.0833,80.35,75,73,3.74
476,Rome,US,2022-02-03 01:28:10,34.257,-85.1647,49.71,88,100,1.99
477,Araouane,ML,2022-02-03 01:29:28,18.9048,-3.5265,62.94,15,99,10.16
478,Porterville,US,2022-02-03 01:28:56,36.0652,-119.0168,55.58,54,0,6.91
479,Rotunda,RO,2022-02-03 01:29:28,43.9833,24.3167,35.4,92,46,11.07
480,Porto Velho,BR,2022-02-03 01:29:29,-8.7619,-63.9039,75.25,94,40,6.91
481,Svetlogorsk,BY,2022-02-03 01:29:29,52.6333,29.7333,29.91,98,100,5.91
482,Singkawang,ID,2022-02-03 01:29:30,0.9,109.0,77.97,88,75,4.34
483,Port Shepstone,ZA,2022-02-03 01:29:30,-30.7414,30.455,76.3,91,85,15.28
484,Hazaribag,IN,2022-02-03 01:29:31,23.9833,85.35,53.67,69,92,5.57
485,Santa Flavia,IT,2022-02-03 01:29:31,38.085,13.5351,53.38,80,35,5.99
486,Opuwo,NA,2022-02-03 01:29:32,-18.0607,13.84,62.65,64,7,3.74
487,Morlaix,FR,2022-02-03 01:29:32,48.5833,-4.0,46.56,100,100,10.36
488,Corner Brook,CA,2022-02-03 01:29:32,48.9667,-57.9484,25.21,92,77,4.47
489,Kemin,KG,2022-02-03 01:29:33,42.7846,75.6892,29.62,66,100,2.28
490,Kautokeino,NO,2022-02-03 01:26:42,69.0125,23.0412,5.86,97,100,3.74
491,Liverpool,GB,2022-02-03 01:25:07,53.4106,-2.9779,49.68,88,100,3.0
492,Zhukovo,RU,2022-02-03 01:29:34,55.0318,36.744,16.57,98,93,3.27
493,Tongliao,CN,2022-02-03 01:28:46,43.6125,122.2653,1.53,83,7,7.07
494,Governador Valadares,BR,2022-02-03 01:26:03,-18.8511,-41.9494,72.99,99,100,2.62
495,Chiang Klang,TH,2022-02-03 01:29:34,19.2938,100.8617,61.93,75,3,0.67
496,Kingsland,US,2022-02-03 01:29:35,30.8,-81.6898,66.94,93,100,6.29
497,Nogliki,RU,2022-02-03 01:29:35,51.8333,143.1667,4.33,93,100,22.32
498,San Luis,AR,2022-02-03 01:29:35,-33.295,-66.3356,69.35,53,0,3.62
499,Nambucca Heads,AU,2022-02-03 01:29:36,-30.65,153.0,72.18,94,100,14.05
500,Lastoursville,GA,2022-02-03 01:29:36,-0.8143,12.7287,72.28,96,100,3.09
501,Klamath Falls,US,2022-02-03 01:25:30,42.2249,-121.7817,39.11,48,0,4.61
502,Dabola,GN,2022-02-03 01:29:37,10.75,-11.1167,68.95,13,0,0.72
503,Namioka,JP,2022-02-03 01:29:37,40.7072,140.5894,32.65,86,75,16.11
504,Laurel,US,2022-02-03 01:29:38,39.0993,-76.8483,45.37,81,0,0.0
505,Khandyga,RU,2022-02-03 01:27:07,62.6667,135.6,-29.65,96,100,1.63
506,Comodoro Rivadavia,AR,2022-02-03 01:29:38,-45.8667,-67.5,76.86,31,0,13.8
507,Heiligenhafen,DE,2022-02-03 01:29:39,54.3667,10.9833,40.82,88,100,15.52
508,Upper Arlington,US,2022-02-03 01:29:39,39.9945,-83.0624,40.37,96,100,1.01
509,Yerbogachen,RU,2022-02-03 01:30:40,61.2767,108.0108,-2.29,98,100,4.59
510,Fare,PF,2022-02-03 01:30:40,-16.7,-151.0167,81.34,76,32,19.89
511,Abu Kamal,SY,2022-02-03 01:30:40,34.4506,40.9171,49.39,52,100,9.33
512,Graham,US,2022-02-03 01:30:41,47.0529,-122.2943,42.82,87,100,3.44
513,Bonfim,BR,2022-02-03 01:30:41,3.0833,-59.95,80.42,60,38,6.76
514,Naron,ES,2022-02-03 01:30:41,43.5167,-8.1528,54.82,81,100,6.82
515,Krasnogorsk,RU,2022-02-03 01:30:42,55.8225,37.3181,21.45,93,40,4.47
516,Donauworth,DE,2022-02-03 01:30:42,48.7,10.8,42.12,94,100,3.56
517,Huntsville,US,2022-02-03 01:25:52,34.7304,-86.5861,54.1,92,100,1.01
518,Le Havre,FR,2022-02-03 01:30:43,49.4938,0.1077,47.32,84,100,6.91
519,Sorong,ID,2022-02-03 01:28:05,-0.8833,131.25,81.21,74,100,3.6
520,Uyuni,BO,2022-02-03 01:30:43,-20.4597,-66.825,53.89,54,5,5.35
521,Oneonta,US,2022-02-03 01:30:44,42.4529,-75.0638,40.37,83,100,9.19
522,Westport,US,2022-02-03 01:26:51,41.1415,-73.3579,41.31,94,100,1.01
523,Veydelevka,RU,2022-02-03 01:30:44,50.1521,38.4492,32.65,99,100,2.13
524,Kloulklubed,PW,2022-02-03 01:26:49,7.0419,134.2556,82.9,76,100,18.45
525,Robertsport,LR,2022-02-03 01:30:45,6.7533,-11.3686,78.64,84,7,4.56
526,Port Augusta,AU,2022-02-03 01:30:45,-32.5,137.7667,75.7,38,0,19.35
527,Bage,BR,2022-02-03 01:30:45,-31.3314,-54.1069,74.98,78,0,8.05
528,Soyo,AO,2022-02-03 01:30:46,-6.1349,12.3689,76.69,78,100,7.18
529,Tankhoy,RU,2022-02-03 01:30:46,51.5528,105.1306,12.0,90,96,2.39
530,Sao Jose Da Coroa Grande,BR,2022-02-03 01:30:47,-8.8978,-35.1478,79.25,76,47,8.14
531,Kharp,RU,2022-02-03 01:30:47,66.8014,65.8081,-2.6,99,100,2.93
532,Imeni Poliny Osipenko,RU,2022-02-03 01:30:47,52.4201,136.4853,-7.8,88,85,4.21
533,Termiz,UZ,2022-02-03 01:30:48,37.2242,67.2783,39.29,87,0,4.61
534,Puro,PH,2022-02-03 01:30:48,12.4841,123.3827,80.2,80,92,13.69
535,Cururupu,BR,2022-02-03 01:29:39,-1.8283,-44.8683,75.42,92,100,3.98
536,Talakan,RU,2022-02-03 01:30:49,50.3167,130.3667,-7.89,91,98,2.68
537,Ust-Ishim,RU,2022-02-03 01:30:49,57.6935,71.1665,13.44,98,99,5.1
538,Manakara,MG,2022-02-03 01:30:50,-22.1333,48.0167,72.27,85,93,8.79
539,Shihezi,CN,2022-02-03 01:30:50,44.3,86.0333,1.42,92,24,3.87
540,Rjukan,NO,2022-02-03 01:30:50,59.8789,8.5941,11.44,91,99,5.79
541,Hambantota,LK,2022-02-03 01:27:35,6.1241,81.1185,68.34,100,20,2.3
542,Boo,SE,2022-02-03 01:30:51,59.3333,18.2833,25.77,89,100,3.44
543,Ferreira Do Alentejo,PT,2022-02-03 01:30:51,38.05,-8.0333,45.99,81,0,1.14
544,Sangar,RU,2022-02-03 01:30:52,63.9242,127.4739,-27.36,97,25,1.23
545,Torres,BR,2022-02-03 01:30:52,-29.3353,-49.7269,75.83,92,47,9.82
546,Baykit,RU,2022-02-03 01:30:53,61.67,96.37,5.59,98,100,2.42
547,Keuruu,FI,2022-02-03 01:30:53,62.2667,24.7,7.81,97,98,0.94
548,Hualmay,PE,2022-02-03 01:30:54,-11.0964,-77.6139,70.5,80,81,9.84
549,Port Hedland,AU,2022-02-03 01:30:54,-20.3167,118.5667,87.85,42,92,10.36
550,Skelleftea,SE,2022-02-03 01:30:54,64.7507,20.9528,10.99,66,100,4.61
551,Kadoma,JP,2022-02-03 01:30:55,34.7333,135.5833,44.65,57,75,2.3
552,Saint Anthony,US,2022-02-03 01:30:55,45.0205,-93.218,3.04,61,0,5.01
553,Mount Gambier,AU,2022-02-03 01:30:56,-37.8333,140.7667,62.51,51,100,16.11
554,Kalispell,US,2022-02-03 01:30:56,48.1958,-114.3129,8.38,70,100,3.44
555,Souillac,MU,2022-02-03 01:31:56,-20.5167,57.5167,79.18,94,75,27.63
556,Rancho Palos Verdes,US,2022-02-03 01:27:38,33.7445,-118.387,63.59,35,0,4.0
557,Jaisalmer,IN,2022-02-03 01:31:57,26.9147,70.9181,57.85,40,0,14.16
558,Nemuro,JP,2022-02-03 01:31:57,43.3236,145.575,25.23,67,5,8.03
559,Forrest City,US,2022-02-03 01:31:58,35.0081,-90.7898,35.38,86,100,16.04
560,Berlevag,NO,2022-02-03 01:31:58,70.8578,29.0864,26.8,65,100,13.06
561,Talcahuano,CL,2022-02-03 01:28:21,-36.7167,-73.1167,60.48,82,75,4.61
562,Oktyabrskiy,RU,2022-02-03 01:31:59,54.4815,53.471,28.36,95,100,14.23
563,Kamaishi,JP,2022-02-03 01:31:59,39.2667,141.8833,36.55,50,34,15.1
564,Gwadar,PK,2022-02-03 01:32:00,25.1216,62.3254,65.79,31,0,17.34
565,Beira,MZ,2022-02-03 01:32:00,-19.8436,34.8389,73.99,90,26,4.72
566,Hurricane,US,2022-02-03 01:32:00,37.1753,-113.2899,37.71,31,0,8.86
567,Iskateley,RU,2022-02-03 01:32:01,67.6803,53.1512,8.33,96,100,5.66
568,Visby,SE,2022-02-03 01:32:02,57.6409,18.296,29.77,69,75,5.75
569,Bibiani,GH,2022-02-03 01:32:02,6.4635,-2.3194,63.54,54,6,0.43
570,Tigil,RU,2022-02-03 01:32:02,57.8,158.6667,19.99,81,93,2.73
571,Tornio,FI,2022-02-03 01:32:03,65.8481,24.1466,-2.18,96,100,3.53
572,Broome,US,2022-02-03 01:32:03,42.2506,-75.833,40.46,71,75,1.99
573,Atherton,GB,2022-02-03 01:32:04,53.5237,-2.4935,48.34,86,100,4.92
